kernel,opcode,count
kernel_cutlass_kernel_flashinfergdn_kernelsblackwellgated_delta_net_chunkedGatedDeltaNetChunkedKernel_object_at__TiledMMA_ThrLayoutVMNK11110000_PermutationMNK____MMAAtom_ThrID10_ShapeMNK6_0,F2FP,62720.0
kernel_cutlass_kernel_flashinfergdn_kernelsblackwellgated_delta_net_chunkedGatedDeltaNetChunkedKernel_object_at__TiledMMA_ThrLayoutVMNK11110000_PermutationMNK____MMAAtom_ThrID10_ShapeMNK6_0,SYNCS,58106.0
kernel_cutlass_kernel_flashinfergdn_kernelsblackwellgated_delta_net_chunkedGatedDeltaNetChunkedKernel_object_at__TiledMMA_ThrLayoutVMNK11110000_PermutationMNK____MMAAtom_ThrID10_ShapeMNK6_0,FMUL2,44032.0
kernel_cutlass_kernel_flashinfergdn_kernelsblackwellgated_delta_net_chunkedGatedDeltaNetChunkedKernel_object_at__TiledMMA_ThrLayoutVMNK11110000_PermutationMNK____MMAAtom_ThrID10_ShapeMNK6_0,FMUL,40960.0
kernel_cutlass_kernel_flashinfergdn_kernelsblackwellgated_delta_net_chunkedGatedDeltaNetChunkedKernel_object_at__TiledMMA_ThrLayoutVMNK11110000_PermutationMNK____MMAAtom_ThrID10_ShapeMNK6_0,BRA,35352.0
kernel_cutlass_kernel_flashinfergdn_kernelsblackwellgated_delta_net_chunkedGatedDeltaNetChunkedKernel_object_at__TiledMMA_ThrLayoutVMNK11110000_PermutationMNK____MMAAtom_ThrID10_ShapeMNK6_0,IMAD,33456.0
kernel_cutlass_kernel_flashinfergdn_kernelsblackwellgated_delta_net_chunkedGatedDeltaNetChunkedKernel_object_at__TiledMMA_ThrLayoutVMNK11110000_PermutationMNK____MMAAtom_ThrID10_ShapeMNK6_0,NANOSLEEP,22945.0
kernel_cutlass_kernel_flashinfergdn_kernelsblackwellgated_delta_net_chunkedGatedDeltaNetChunkedKernel_object_at__TiledMMA_ThrLayoutVMNK11110000_PermutationMNK____MMAAtom_ThrID10_ShapeMNK6_0,LDS,21520.0
kernel_cutlass_kernel_flashinfergdn_kernelsblackwellgated_delta_net_chunkedGatedDeltaNetChunkedKernel_object_at__TiledMMA_ThrLayoutVMNK11110000_PermutationMNK____MMAAtom_ThrID10_ShapeMNK6_0,MOV,17449.0
kernel_cutlass_kernel_flashinfergdn_kernelsblackwellgated_delta_net_chunkedGatedDeltaNetChunkedKernel_object_at__TiledMMA_ThrLayoutVMNK11110000_PermutationMNK____MMAAtom_ThrID10_ShapeMNK6_0,UIADD3,14312.0
kernel_cutlass_kernel_flashinfergdn_kernelsblackwellgated_delta_net_chunkedGatedDeltaNetChunkedKernel_object_at__TiledMMA_ThrLayoutVMNK11110000_PermutationMNK____MMAAtom_ThrID10_ShapeMNK6_0,FADD,12608.0
kernel_cutlass_kernel_flashinfergdn_kernelsblackwellgated_delta_net_chunkedGatedDeltaNetChunkedKernel_object_at__TiledMMA_ThrLayoutVMNK11110000_PermutationMNK____MMAAtom_ThrID10_ShapeMNK6_0,MUFU,12032.0
kernel_cutlass_kernel_flashinfergdn_kernelsblackwellgated_delta_net_chunkedGatedDeltaNetChunkedKernel_object_at__TiledMMA_ThrLayoutVMNK11110000_PermutationMNK____MMAAtom_ThrID10_ShapeMNK6_0,SHF,11120.0
kernel_cutlass_kernel_flashinfergdn_kernelsblackwellgated_delta_net_chunkedGatedDeltaNetChunkedKernel_object_at__TiledMMA_ThrLayoutVMNK11110000_PermutationMNK____MMAAtom_ThrID10_ShapeMNK6_0,ISETP,10160.0
kernel_cutlass_kernel_flashinfergdn_kernelsblackwellgated_delta_net_chunkedGatedDeltaNetChunkedKernel_object_at__TiledMMA_ThrLayoutVMNK11110000_PermutationMNK____MMAAtom_ThrID10_ShapeMNK6_0,UMOV,7592.0
kernel_cutlass_kernel_flashinfergdn_kernelsblackwellgated_delta_net_chunkedGatedDeltaNetChunkedKernel_object_at__TiledMMA_ThrLayoutVMNK11110000_PermutationMNK____MMAAtom_ThrID10_ShapeMNK6_0,ULOP3,7336.0
kernel_cutlass_kernel_flashinfergdn_kernelsblackwellgated_delta_net_chunkedGatedDeltaNetChunkedKernel_object_at__TiledMMA_ThrLayoutVMNK11110000_PermutationMNK____MMAAtom_ThrID10_ShapeMNK6_0,USEL,7168.0
kernel_cutlass_kernel_flashinfergdn_kernelsblackwellgated_delta_net_chunkedGatedDeltaNetChunkedKernel_object_at__TiledMMA_ThrLayoutVMNK11110000_PermutationMNK____MMAAtom_ThrID10_ShapeMNK6_0,HADD2,7168.0
kernel_cutlass_kernel_flashinfergdn_kernelsblackwellgated_delta_net_chunkedGatedDeltaNetChunkedKernel_object_at__TiledMMA_ThrLayoutVMNK11110000_PermutationMNK____MMAAtom_ThrID10_ShapeMNK6_0,UISETP,5968.0
kernel_cutlass_kernel_flashinfergdn_kernelsblackwellgated_delta_net_chunkedGatedDeltaNetChunkedKernel_object_at__TiledMMA_ThrLayoutVMNK11110000_PermutationMNK____MMAAtom_ThrID10_ShapeMNK6_0,STSM,5760.0
kernel_cutlass_kernel_flashinfergdn_kernelsblackwellgated_delta_net_chunkedGatedDeltaNetChunkedKernel_object_at__TiledMMA_ThrLayoutVMNK11110000_PermutationMNK____MMAAtom_ThrID10_ShapeMNK6_0,LDSM,5248.0
kernel_cutlass_kernel_flashinfergdn_kernelsblackwellgated_delta_net_chunkedGatedDeltaNetChunkedKernel_object_at__TiledMMA_ThrLayoutVMNK11110000_PermutationMNK____MMAAtom_ThrID10_ShapeMNK6_0,R2UR,4880.0
kernel_cutlass_kernel_flashinfergdn_kernelsblackwellgated_delta_net_chunkedGatedDeltaNetChunkedKernel_object_at__TiledMMA_ThrLayoutVMNK11110000_PermutationMNK____MMAAtom_ThrID10_ShapeMNK6_0,STG,4608.0
kernel_cutlass_kernel_flashinfergdn_kernelsblackwellgated_delta_net_chunkedGatedDeltaNetChunkedKernel_object_at__TiledMMA_ThrLayoutVMNK11110000_PermutationMNK____MMAAtom_ThrID10_ShapeMNK6_0,PRMT,4608.0
kernel_cutlass_kernel_flashinfergdn_kernelsblackwellgated_delta_net_chunkedGatedDeltaNetChunkedKernel_object_at__TiledMMA_ThrLayoutVMNK11110000_PermutationMNK____MMAAtom_ThrID10_ShapeMNK6_0,ULEA,4328.0
kernel_cutlass_kernel_flashinfergdn_kernelsblackwellgated_delta_net_chunkedGatedDeltaNetChunkedKernel_object_at__TiledMMA_ThrLayoutVMNK11110000_PermutationMNK____MMAAtom_ThrID10_ShapeMNK6_0,STTM,3712.0
kernel_cutlass_kernel_flashinfergdn_kernelsblackwellgated_delta_net_chunkedGatedDeltaNetChunkedKernel_object_at__TiledMMA_ThrLayoutVMNK11110000_PermutationMNK____MMAAtom_ThrID10_ShapeMNK6_0,LDTM,3456.0
kernel_cutlass_kernel_flashinfergdn_kernelsblackwellgated_delta_net_chunkedGatedDeltaNetChunkedKernel_object_at__TiledMMA_ThrLayoutVMNK11110000_PermutationMNK____MMAAtom_ThrID10_ShapeMNK6_0,SHFL,3392.0
kernel_cutlass_kernel_flashinfergdn_kernelsblackwellgated_delta_net_chunkedGatedDeltaNetChunkedKernel_object_at__TiledMMA_ThrLayoutVMNK11110000_PermutationMNK____MMAAtom_ThrID10_ShapeMNK6_0,LOP3,3288.0
kernel_cutlass_kernel_flashinfergdn_kernelsblackwellgated_delta_net_chunkedGatedDeltaNetChunkedKernel_object_at__TiledMMA_ThrLayoutVMNK11110000_PermutationMNK____MMAAtom_ThrID10_ShapeMNK6_0,HMMA,3072.0
kernel_cutlass_kernel_flashinfergdn_kernelsblackwellgated_delta_net_chunkedGatedDeltaNetChunkedKernel_object_at__TiledMMA_ThrLayoutVMNK11110000_PermutationMNK____MMAAtom_ThrID10_ShapeMNK6_0,USHF,2776.0
kernel_cutlass_kernel_flashinfergdn_kernelsblackwellgated_delta_net_chunkedGatedDeltaNetChunkedKernel_object_at__TiledMMA_ThrLayoutVMNK11110000_PermutationMNK____MMAAtom_ThrID10_ShapeMNK6_0,LDCU,2760.0
kernel_cutlass_kernel_flashinfergdn_kernelsblackwellgated_delta_net_chunkedGatedDeltaNetChunkedKernel_object_at__TiledMMA_ThrLayoutVMNK11110000_PermutationMNK____MMAAtom_ThrID10_ShapeMNK6_0,UTCHMMA,2688.0
kernel_cutlass_kernel_flashinfergdn_kernelsblackwellgated_delta_net_chunkedGatedDeltaNetChunkedKernel_object_at__TiledMMA_ThrLayoutVMNK11110000_PermutationMNK____MMAAtom_ThrID10_ShapeMNK6_0,FFMA,2688.0
kernel_cutlass_kernel_flashinfergdn_kernelsblackwellgated_delta_net_chunkedGatedDeltaNetChunkedKernel_object_at__TiledMMA_ThrLayoutVMNK11110000_PermutationMNK____MMAAtom_ThrID10_ShapeMNK6_0,CS2R,2560.0
kernel_cutlass_kernel_flashinfergdn_kernelsblackwellgated_delta_net_chunkedGatedDeltaNetChunkedKernel_object_at__TiledMMA_ThrLayoutVMNK11110000_PermutationMNK____MMAAtom_ThrID10_ShapeMNK6_0,FENCE,2296.0
kernel_cutlass_kernel_flashinfergdn_kernelsblackwellgated_delta_net_chunkedGatedDeltaNetChunkedKernel_object_at__TiledMMA_ThrLayoutVMNK11110000_PermutationMNK____MMAAtom_ThrID10_ShapeMNK6_0,FADD2,2048.0
kernel_cutlass_kernel_flashinfergdn_kernelsblackwellgated_delta_net_chunkedGatedDeltaNetChunkedKernel_object_at__TiledMMA_ThrLayoutVMNK11110000_PermutationMNK____MMAAtom_ThrID10_ShapeMNK6_0,FSEL,1792.0
kernel_cutlass_kernel_flashinfergdn_kernelsblackwellgated_delta_net_chunkedGatedDeltaNetChunkedKernel_object_at__TiledMMA_ThrLayoutVMNK11110000_PermutationMNK____MMAAtom_ThrID10_ShapeMNK6_0,LEA,1664.0
kernel_cutlass_kernel_flashinfergdn_kernelsblackwellgated_delta_net_chunkedGatedDeltaNetChunkedKernel_object_at__TiledMMA_ThrLayoutVMNK11110000_PermutationMNK____MMAAtom_ThrID10_ShapeMNK6_0,BAR,1576.0
kernel_cutlass_kernel_flashinfergdn_kernelsblackwellgated_delta_net_chunkedGatedDeltaNetChunkedKernel_object_at__TiledMMA_ThrLayoutVMNK11110000_PermutationMNK____MMAAtom_ThrID10_ShapeMNK6_0,UIMAD,1352.0
kernel_cutlass_kernel_flashinfergdn_kernelsblackwellgated_delta_net_chunkedGatedDeltaNetChunkedKernel_object_at__TiledMMA_ThrLayoutVMNK11110000_PermutationMNK____MMAAtom_ThrID10_ShapeMNK6_0,IADD3,1128.0
kernel_cutlass_kernel_flashinfergdn_kernelsblackwellgated_delta_net_chunkedGatedDeltaNetChunkedKernel_object_at__TiledMMA_ThrLayoutVMNK11110000_PermutationMNK____MMAAtom_ThrID10_ShapeMNK6_0,WARPSYNC,1040.0
kernel_cutlass_kernel_flashinfergdn_kernelsblackwellgated_delta_net_chunkedGatedDeltaNetChunkedKernel_object_at__TiledMMA_ThrLayoutVMNK11110000_PermutationMNK____MMAAtom_ThrID10_ShapeMNK6_0,NOP,1019.0
kernel_cutlass_kernel_flashinfergdn_kernelsblackwellgated_delta_net_chunkedGatedDeltaNetChunkedKernel_object_at__TiledMMA_ThrLayoutVMNK11110000_PermutationMNK____MMAAtom_ThrID10_ShapeMNK6_0,UTCBAR,936.0
kernel_cutlass_kernel_flashinfergdn_kernelsblackwellgated_delta_net_chunkedGatedDeltaNetChunkedKernel_object_at__TiledMMA_ThrLayoutVMNK11110000_PermutationMNK____MMAAtom_ThrID10_ShapeMNK6_0,VIADD,888.0
kernel_cutlass_kernel_flashinfergdn_kernelsblackwellgated_delta_net_chunkedGatedDeltaNetChunkedKernel_object_at__TiledMMA_ThrLayoutVMNK11110000_PermutationMNK____MMAAtom_ThrID10_ShapeMNK6_0,MEMBAR,816.0
kernel_cutlass_kernel_flashinfergdn_kernelsblackwellgated_delta_net_chunkedGatedDeltaNetChunkedKernel_object_at__TiledMMA_ThrLayoutVMNK11110000_PermutationMNK____MMAAtom_ThrID10_ShapeMNK6_0,LDC,600.0
kernel_cutlass_kernel_flashinfergdn_kernelsblackwellgated_delta_net_chunkedGatedDeltaNetChunkedKernel_object_at__TiledMMA_ThrLayoutVMNK11110000_PermutationMNK____MMAAtom_ThrID10_ShapeMNK6_0,UP2UR,480.0
kernel_cutlass_kernel_flashinfergdn_kernelsblackwellgated_delta_net_chunkedGatedDeltaNetChunkedKernel_object_at__TiledMMA_ThrLayoutVMNK11110000_PermutationMNK____MMAAtom_ThrID10_ShapeMNK6_0,LDG,448.0
kernel_cutlass_kernel_flashinfergdn_kernelsblackwellgated_delta_net_chunkedGatedDeltaNetChunkedKernel_object_at__TiledMMA_ThrLayoutVMNK11110000_PermutationMNK____MMAAtom_ThrID10_ShapeMNK6_0,STS,432.0
kernel_cutlass_kernel_flashinfergdn_kernelsblackwellgated_delta_net_chunkedGatedDeltaNetChunkedKernel_object_at__TiledMMA_ThrLayoutVMNK11110000_PermutationMNK____MMAAtom_ThrID10_ShapeMNK6_0,S2UR,432.0
kernel_cutlass_kernel_flashinfergdn_kernelsblackwellgated_delta_net_chunkedGatedDeltaNetChunkedKernel_object_at__TiledMMA_ThrLayoutVMNK11110000_PermutationMNK____MMAAtom_ThrID10_ShapeMNK6_0,USETMAXREG,403.0
kernel_cutlass_kernel_flashinfergdn_kernelsblackwellgated_delta_net_chunkedGatedDeltaNetChunkedKernel_object_at__TiledMMA_ThrLayoutVMNK11110000_PermutationMNK____MMAAtom_ThrID10_ShapeMNK6_0,UTMALDG,384.0
kernel_cutlass_kernel_flashinfergdn_kernelsblackwellgated_delta_net_chunkedGatedDeltaNetChunkedKernel_object_at__TiledMMA_ThrLayoutVMNK11110000_PermutationMNK____MMAAtom_ThrID10_ShapeMNK6_0,S2R,288.0
kernel_cutlass_kernel_flashinfergdn_kernelsblackwellgated_delta_net_chunkedGatedDeltaNetChunkedKernel_object_at__TiledMMA_ThrLayoutVMNK11110000_PermutationMNK____MMAAtom_ThrID10_ShapeMNK6_0,ELECT,272.0
kernel_cutlass_kernel_flashinfergdn_kernelsblackwellgated_delta_net_chunkedGatedDeltaNetChunkedKernel_object_at__TiledMMA_ThrLayoutVMNK11110000_PermutationMNK____MMAAtom_ThrID10_ShapeMNK6_0,STL,160.0
kernel_cutlass_kernel_flashinfergdn_kernelsblackwellgated_delta_net_chunkedGatedDeltaNetChunkedKernel_object_at__TiledMMA_ThrLayoutVMNK11110000_PermutationMNK____MMAAtom_ThrID10_ShapeMNK6_0,LDL,160.0
kernel_cutlass_kernel_flashinfergdn_kernelsblackwellgated_delta_net_chunkedGatedDeltaNetChunkedKernel_object_at__TiledMMA_ThrLayoutVMNK11110000_PermutationMNK____MMAAtom_ThrID10_ShapeMNK6_0,UTMASTG,128.0
kernel_cutlass_kernel_flashinfergdn_kernelsblackwellgated_delta_net_chunkedGatedDeltaNetChunkedKernel_object_at__TiledMMA_ThrLayoutVMNK11110000_PermutationMNK____MMAAtom_ThrID10_ShapeMNK6_0,P2R,128.0
kernel_cutlass_kernel_flashinfergdn_kernelsblackwellgated_delta_net_chunkedGatedDeltaNetChunkedKernel_object_at__TiledMMA_ThrLayoutVMNK11110000_PermutationMNK____MMAAtom_ThrID10_ShapeMNK6_0,LDGSTS,128.0
kernel_cutlass_kernel_flashinfergdn_kernelsblackwellgated_delta_net_chunkedGatedDeltaNetChunkedKernel_object_at__TiledMMA_ThrLayoutVMNK11110000_PermutationMNK____MMAAtom_ThrID10_ShapeMNK6_0,DEPBAR,120.0
kernel_cutlass_kernel_flashinfergdn_kernelsblackwellgated_delta_net_chunkedGatedDeltaNetChunkedKernel_object_at__TiledMMA_ThrLayoutVMNK11110000_PermutationMNK____MMAAtom_ThrID10_ShapeMNK6_0,UTMACMDFLUSH,112.0
kernel_cutlass_kernel_flashinfergdn_kernelsblackwellgated_delta_net_chunkedGatedDeltaNetChunkedKernel_object_at__TiledMMA_ThrLayoutVMNK11110000_PermutationMNK____MMAAtom_ThrID10_ShapeMNK6_0,EXIT,112.0
kernel_cutlass_kernel_flashinfergdn_kernelsblackwellgated_delta_net_chunkedGatedDeltaNetChunkedKernel_object_at__TiledMMA_ThrLayoutVMNK11110000_PermutationMNK____MMAAtom_ThrID10_ShapeMNK6_0,SEL,104.0
kernel_cutlass_kernel_flashinfergdn_kernelsblackwellgated_delta_net_chunkedGatedDeltaNetChunkedKernel_object_at__TiledMMA_ThrLayoutVMNK11110000_PermutationMNK____MMAAtom_ThrID10_ShapeMNK6_0,PLOP3,104.0
kernel_cutlass_kernel_flashinfergdn_kernelsblackwellgated_delta_net_chunkedGatedDeltaNetChunkedKernel_object_at__TiledMMA_ThrLayoutVMNK11110000_PermutationMNK____MMAAtom_ThrID10_ShapeMNK6_0,BSYNC,104.0
kernel_cutlass_kernel_flashinfergdn_kernelsblackwellgated_delta_net_chunkedGatedDeltaNetChunkedKernel_object_at__TiledMMA_ThrLayoutVMNK11110000_PermutationMNK____MMAAtom_ThrID10_ShapeMNK6_0,CCTL,96.0
kernel_cutlass_kernel_flashinfergdn_kernelsblackwellgated_delta_net_chunkedGatedDeltaNetChunkedKernel_object_at__TiledMMA_ThrLayoutVMNK11110000_PermutationMNK____MMAAtom_ThrID10_ShapeMNK6_0,UTMACCTL,64.0
kernel_cutlass_kernel_flashinfergdn_kernelsblackwellgated_delta_net_chunkedGatedDeltaNetChunkedKernel_object_at__TiledMMA_ThrLayoutVMNK11110000_PermutationMNK____MMAAtom_ThrID10_ShapeMNK6_0,ARRIVES,64.0
kernel_cutlass_kernel_flashinfergdn_kernelsblackwellgated_delta_net_chunkedGatedDeltaNetChunkedKernel_object_at__TiledMMA_ThrLayoutVMNK11110000_PermutationMNK____MMAAtom_ThrID10_ShapeMNK6_0,VIADDMNMX,56.0
kernel_cutlass_kernel_flashinfergdn_kernelsblackwellgated_delta_net_chunkedGatedDeltaNetChunkedKernel_object_at__TiledMMA_ThrLayoutVMNK11110000_PermutationMNK____MMAAtom_ThrID10_ShapeMNK6_0,BSSY,56.0
kernel_cutlass_kernel_flashinfergdn_kernelsblackwellgated_delta_net_chunkedGatedDeltaNetChunkedKernel_object_at__TiledMMA_ThrLayoutVMNK11110000_PermutationMNK____MMAAtom_ThrID10_ShapeMNK6_0,BRX,56.0
kernel_cutlass_kernel_flashinfergdn_kernelsblackwellgated_delta_net_chunkedGatedDeltaNetChunkedKernel_object_at__TiledMMA_ThrLayoutVMNK11110000_PermutationMNK____MMAAtom_ThrID10_ShapeMNK6_0,ATOMS,32.0
kernel_cutlass_kernel_flashinfergdn_kernelsblackwellgated_delta_net_chunkedGatedDeltaNetChunkedKernel_object_at__TiledMMA_ThrLayoutVMNK11110000_PermutationMNK____MMAAtom_ThrID10_ShapeMNK6_0,UTCATOMSWS,16.0
kernel_cutlass_kernel_flashinfergdn_kernelsblackwellgated_delta_net_chunkedGatedDeltaNetChunkedKernel_object_at__TiledMMA_ThrLayoutVMNK11110000_PermutationMNK____MMAAtom_ThrID10_ShapeMNK6_0,REDUX,16.0
kernel_cutlass_kernel_flashinfergdn_kernelsblackwellgated_delta_net_chunkedGatedDeltaNetChunkedKernel_object_at__TiledMMA_ThrLayoutVMNK11110000_PermutationMNK____MMAAtom_ThrID10_ShapeMNK6_0,ERRBAR,16.0
kernel_cutlass_kernel_flashinfergdn_kernelsblackwellgated_delta_net_chunkedGatedDeltaNetChunkedKernel_object_at__TiledMMA_ThrLayoutVMNK11110000_PermutationMNK____MMAAtom_ThrID10_ShapeMNK6_0,CGAERRBAR,16.0
kernel_cutlass_kernel_flashinfergdn_kernelsblackwellgated_delta_net_chunkedGatedDeltaNetChunkedKernel_object_at__TiledMMA_ThrLayoutVMNK11110000_PermutationMNK____MMAAtom_ThrID10_ShapeMNK6_0,VOTEU,8.0
kernel_cutlass_kernel_flashinfergdn_kernelsblackwellgated_delta_net_chunkedGatedDeltaNetChunkedKernel_object_at__TiledMMA_ThrLayoutVMNK11110000_PermutationMNK____MMAAtom_ThrID10_ShapeMNK6_0,UVIRTCOUNT,8.0
kernel_cutlass_kernel_flashinfergdn_kernelsblackwellgated_delta_net_chunkedGatedDeltaNetChunkedKernel_object_at__TiledMMA_ThrLayoutVMNK11110000_PermutationMNK____MMAAtom_ThrID10_ShapeMNK6_0,UFLO,8.0
